https://www.nchlondon.ac.uk/launchcoursestructure/,"NCH is unique in offering compulsory professional skills courses as part of its broad liberal arts education, making students irresistible to employers."
https://www.nchlondon.ac.uk/launchmanagementandsupervision/,"NCH is unique in offering compulsory professional skills courses as part of its broad liberal arts education, making students irresistible to employers."
https://www.nchlondon.ac.uk/launch-2/,"NCH is unique in offering compulsory professional skills courses as part of its broad liberal arts education, making students irresistible to employers."
https://www.nchlondon.ac.uk/humanities-and-the-world-of-work/,"NCH is unique in offering compulsory professional skills courses as part of its broad liberal arts education, making students irresistible to employers."
https://www.nchlondon.ac.uk/launchstudentprojects/,"NCH is unique in offering compulsory professional skills courses as part of its broad liberal arts education, making students irresistible to employers."
https://www.nchlondon.ac.uk/employability/careers-advice-2/,"NCH is unique in offering compulsory professional skills courses as part of its broad liberal arts education, making students irresistible to employers."
https://www.nchlondon.ac.uk/what-our-graduates-have-to-say-2/,"NCH is unique in offering compulsory professional skills courses as part of its broad liberal arts education, making students irresistible to employers."
https://www.nchlondon.ac.uk/what-is-launch/,"NCH is unique in offering compulsory professional skills courses as part of its broad liberal arts education, making students irresistible to employers."
https://www.nchlondon.ac.uk/employability/employer-relations/,"NCH is unique in offering compulsory professional skills courses as part of its broad liberal arts education, making students irresistible to employers."
https://www.nchlondon.ac.uk/blogs/news/page/3/,"Read about updates on College activities and events here. Hear from the College's professional staff, academics, graduates, and partners."
https://www.nchlondon.ac.uk/blogs/news/page/4/,"Read about updates on College activities and events here. Hear from the College's professional staff, academics, graduates, and partners."
https://www.nchlondon.ac.uk/blogs/news/page/5/,"Read about updates on College activities and events here. Hear from the College's professional staff, academics, graduates, and partners."
https://www.nchlondon.ac.uk/blogs/news/page/6/,"Read about updates on College activities and events here. Hear from the College's professional staff, academics, graduates, and partners."
https://www.nchlondon.ac.uk/blogs/news/page/7/,"Read about updates on College activities and events here. Hear from the College's professional staff, academics, graduates, and partners."
https://www.nchlondon.ac.uk/blogs/news/page/8/,"Read about updates on College activities and events here. Hear from the College's professional staff, academics, graduates, and partners."
https://www.nchlondon.ac.uk/blogs/news/page/2/,"Read about updates on College activities and events here. Hear from the College's professional staff, academics, graduates, and partners."
https://www.nchlondon.ac.uk/blogs/news/,"Read about updates on College activities and events here. Hear from the College's professional staff, academics, graduates, and partners."
https://www.nchlondon.ac.uk/art-history-taster-lecture/,Meet our faculty and enjoy challenging and engaging lectures. Our Undergraduate Taster Lectures are free and are held in the Registry in Bedford Square.
https://www.nchlondon.ac.uk/history-taster-lecture/,Meet our faculty and enjoy challenging and engaging lectures. Our Undergraduate Taster Lectures are free and are held in the Registry in Bedford Square.
https://www.nchlondon.ac.uk/an-evening-with-professor-a-c-grayling/,Meet our faculty and enjoy challenging and engaging lectures. Our Undergraduate Taster Lectures are free and are held in the Registry in Bedford Square.
https://www.nchlondon.ac.uk/english-taster-lecture/,Meet our faculty and enjoy challenging and engaging lectures. Our Undergraduate Taster Lectures are free and are held in the Registry in Bedford Square.
https://www.nchlondon.ac.uk/law-taster-lecture/,Meet our faculty and enjoy challenging and engaging lectures. Our Undergraduate Taster Lectures are free and are held in the Registry in Bedford Square.
https://www.nchlondon.ac.uk/creative-writing-taster-lecture/,Meet our faculty and enjoy challenging and engaging lectures. Our Undergraduate Taster Lectures are free and are held in the Registry in Bedford Square.
https://www.nchlondon.ac.uk/philosophy-taster-lecture/,Meet our faculty and enjoy challenging and engaging lectures. Our Undergraduate Taster Lectures are free and are held in the Registry in Bedford Square.
https://www.nchlondon.ac.uk/blogs/academic/page/2/,"Ottoline Online is the official New College of the Humanities academic blog, named after Lady Ottoline Morrell (1873-1938) who had a salon on Bedford Square"
https://www.nchlondon.ac.uk/blogs/academic/page/3/,"Ottoline Online is the official New College of the Humanities academic blog, named after Lady Ottoline Morrell (1873-1938) who had a salon on Bedford Square"
https://www.nchlondon.ac.uk/blogs/academic/page/4/,"Ottoline Online is the official New College of the Humanities academic blog, named after Lady Ottoline Morrell (1873-1938) who had a salon on Bedford Square"
https://www.nchlondon.ac.uk/blogs/academic/page/5/,"Ottoline Online is the official New College of the Humanities academic blog, named after Lady Ottoline Morrell (1873-1938) who had a salon on Bedford Square"
https://www.nchlondon.ac.uk/blogs/academic/page/6/,"Ottoline Online is the official New College of the Humanities academic blog, named after Lady Ottoline Morrell (1873-1938) who had a salon on Bedford Square"
https://www.nchlondon.ac.uk/blogs/academic/page/7/,"Ottoline Online is the official New College of the Humanities academic blog, named after Lady Ottoline Morrell (1873-1938) who had a salon on Bedford Square"
https://www.nchlondon.ac.uk/blogs/academic/,"Ottoline Online is the official New College of the Humanities academic blog, named after Lady Ottoline Morrell (1873-1938) who had a salon on Bedford Square"
https://www.nchlondon.ac.uk/blogs/student/page/2/,Make an online discovery about Student Life at New College of the Humanities! Our blog are a great way to get an insight into life here at NCH !
https://www.nchlondon.ac.uk/blogs/student/page/3/,Make an online discovery about Student Life at New College of the Humanities! Our blog are a great way to get an insight into life here at NCH !
https://www.nchlondon.ac.uk/blogs/student/page/6/,Make an online discovery about Student Life at New College of the Humanities! Our blog are a great way to get an insight into life here at NCH !
https://www.nchlondon.ac.uk/blogs/student/page/7/,Make an online discovery about Student Life at New College of the Humanities! Our blog are a great way to get an insight into life here at NCH !
https://www.nchlondon.ac.uk/blogs/student/page/8/,Make an online discovery about Student Life at New College of the Humanities! Our blog are a great way to get an insight into life here at NCH !
https://www.nchlondon.ac.uk/blogs/student/page/9/,Make an online discovery about Student Life at New College of the Humanities! Our blog are a great way to get an insight into life here at NCH !
https://www.nchlondon.ac.uk/blogs/student/page/10/,Make an online discovery about Student Life at New College of the Humanities! Our blog are a great way to get an insight into life here at NCH !
https://www.nchlondon.ac.uk/blogs/student/page/11/,Make an online discovery about Student Life at New College of the Humanities! Our blog are a great way to get an insight into life here at NCH !
https://www.nchlondon.ac.uk/blogs/student/page/12/,Make an online discovery about Student Life at New College of the Humanities! Our blog are a great way to get an insight into life here at NCH !
https://www.nchlondon.ac.uk/blogs/student/page/13/,Make an online discovery about Student Life at New College of the Humanities! Our blog are a great way to get an insight into life here at NCH !
https://www.nchlondon.ac.uk/blogs/student/page/5/,Make an online discovery about Student Life at New College of the Humanities! Our blog are a great way to get an insight into life here at NCH !
https://www.nchlondon.ac.uk/blogs/student/page/4/,Make an online discovery about Student Life at New College of the Humanities! Our blog are a great way to get an insight into life here at NCH !
https://www.nchlondon.ac.uk/blogs/student/,Make an online discovery about Student Life at New College of the Humanities! Our blog are a great way to get an insight into life here at NCH !
https://www.nchlondon.ac.uk/study/why-nch/,Central London location | Small college by design | One-to-one teaching | Feedback in person | Pastoral care | Visiting professoriate | Employability | Liberal arts inspired | Dedicated to the humanities
https://www.nchlondon.ac.uk/faculties/philosophy-faculty/,Central London location | Small college by design | One-to-one teaching | Feedback in person | Pastoral care | Visiting professoriate | Employability | Liberal arts inspired | Dedicated to the humanities
https://www.nchlondon.ac.uk/faculties/taster-lectures/,Central London location | Small college by design | One-to-one teaching | Feedback in person | Pastoral care | Visiting professoriate | Employability | Liberal arts inspired | Dedicated to the humanities
https://www.nchlondon.ac.uk/why-study-politics-ir-in-london/,The NCH Poltics & IR programme is a stimulating and enriching pursuit..
https://www.nchlondon.ac.uk/why-study-economics-in-london/,The NCH Poltics & IR programme is a stimulating and enriching pursuit..
https://www.nchlondon.ac.uk/why-study-economics/,The NCH Poltics & IR programme is a stimulating and enriching pursuit..
https://www.nchlondon.ac.uk/why-study-politics-ir/,The NCH Poltics & IR programme is a stimulating and enriching pursuit..
https://www.nchlondon.ac.uk/pg-application-process/,Ready to start your New College of the Humanities application? You can apply directly through us or submit an application through UCAS.
https://www.nchlondon.ac.uk/your-application-process/,Ready to start your New College of the Humanities application? You can apply directly through us or submit an application through UCAS.
https://www.nchlondon.ac.uk/2019/03/13/nch-law-visits-inner-temple/,"A report by lecturer in Law, Ursula Smartt, on the trip first year law students took to the inns of court at the ‘Temple’."
https://www.nchlondon.ac.uk/2019/04/09/nu-research/,"A report by lecturer in Law, Ursula Smartt, on the trip first year law students took to the inns of court at the ‘Temple’."
https://www.nchlondon.ac.uk/degrees/undergraduate/economics/economics-with-law-bsc/,The Law minor aims to provide a thematic basis to academic legal studies which aligns to career paths that are attractive to alumni of the College...
https://www.nchlondon.ac.uk/degrees/undergraduate/art-history/art-history-with-law-ba/courses/,The Law minor aims to provide a thematic basis to academic legal studies which aligns to career paths that are attractive to alumni of the College...
https://www.nchlondon.ac.uk/degrees/undergraduate/art-history/art-history-with-law-ba/,The Law minor aims to provide a thematic basis to academic legal studies which aligns to career paths that are attractive to alumni of the College...
https://www.nchlondon.ac.uk/why-study-english-in-london/,Take advantage of the opportunity to study English literature in London – the birthplace of countless literary movements and authors.
https://www.nchlondon.ac.uk/why-study-english/,Take advantage of the opportunity to study English literature in London – the birthplace of countless literary movements and authors.
https://www.nchlondon.ac.uk/degrees/undergraduate/politics-international-relations/politics-international-relations-with-creative-writing-bsc/,"The study of Politics comprises political theory looking at normative questions, and political science looking at the organisation of government."
https://www.nchlondon.ac.uk/degrees/undergraduate/politics-international-relations/politics-international-relations-with-history-bsc/,"The study of Politics comprises political theory looking at normative questions, and political science looking at the organisation of government."
https://www.nchlondon.ac.uk/degrees/undergraduate/politics-international-relations/politics-international-relations-with-law-bsc/,"The Law minor aims to provide a thematic basis to academic legal studies which aligns to career paths that are attractive to alumni of the College, in..."
https://www.nchlondon.ac.uk/degrees/undergraduate/philosophy/philosophy-with-law-ba/,"The Law minor aims to provide a thematic basis to academic legal studies which aligns to career paths that are attractive to alumni of the College, in..."
https://www.nchlondon.ac.uk/about-us/academic-handbook/academic-framework/aqf15/,Read and download New College of the Humanities' Academic Framework documents. These documents are part of the NCH Academic Handbook.
https://www.nchlondon.ac.uk/about-us/academic-handbook/academic-framework/aqf14/,Read and download New College of the Humanities' Academic Framework documents. These documents are part of the NCH Academic Handbook.
https://www.nchlondon.ac.uk/about-us/academic-handbook/academic-framework/aqf6/,Read and download New College of the Humanities' Academic Framework documents. These documents are part of the NCH Academic Handbook.
https://www.nchlondon.ac.uk/about-us/academic-handbook/academic-framework/aqf4/,Read and download New College of the Humanities' Academic Framework documents. These documents are part of the NCH Academic Handbook.
https://www.nchlondon.ac.uk/about-us/academic-handbook/academic-framework/aqf5/,Read and download New College of the Humanities' Academic Framework documents. These documents are part of the NCH Academic Handbook.
https://www.nchlondon.ac.uk/about-us/academic-handbook/academic-framework/aqf7/,Read and download New College of the Humanities' Academic Framework documents. These documents are part of the NCH Academic Handbook.
https://www.nchlondon.ac.uk/about-us/academic-handbook/academic-framework/aqf8/,Read and download New College of the Humanities' Academic Framework documents. These documents are part of the NCH Academic Handbook.
https://www.nchlondon.ac.uk/about-us/academic-handbook/academic-framework/aqf9/,Read and download New College of the Humanities' Academic Framework documents. These documents are part of the NCH Academic Handbook.
https://www.nchlondon.ac.uk/about-us/academic-handbook/academic-framework/aqf1/,Read and download New College of the Humanities' Academic Framework documents. These documents are part of the NCH Academic Handbook.
https://www.nchlondon.ac.uk/about-us/academic-handbook/academic-framework/aqf2/,Read and download New College of the Humanities' Academic Framework documents. These documents are part of the NCH Academic Handbook.
https://www.nchlondon.ac.uk/about-us/academic-handbook/academic-framework/aqf3/,Read and download New College of the Humanities' Academic Framework documents. These documents are part of the NCH Academic Handbook.
https://www.nchlondon.ac.uk/about-us/academic-handbook/academic-framework/aqf10/,Read and download New College of the Humanities' Academic Framework documents. These documents are part of the NCH Academic Handbook.
https://www.nchlondon.ac.uk/about-us/academic-handbook/academic-framework/aqf11/,Read and download New College of the Humanities' Academic Framework documents. These documents are part of the NCH Academic Handbook.
https://www.nchlondon.ac.uk/about-us/academic-handbook/academic-framework/aqf12/,Read and download New College of the Humanities' Academic Framework documents. These documents are part of the NCH Academic Handbook.
https://www.nchlondon.ac.uk/about-us/academic-handbook/academic-framework/aqf13/,Read and download New College of the Humanities' Academic Framework documents. These documents are part of the NCH Academic Handbook.
https://www.nchlondon.ac.uk/author/dr-david-mitchell/page/2/,Read blog posts written by Dr David Mitchell - Senior Lecturer in Philosophy here at New College of the Humanities
https://www.nchlondon.ac.uk/author/dr-david-mitchell/,Read blog posts written by Dr David Mitchell - Senior Lecturer in Philosophy here at New College of the Humanities
https://www.nchlondon.ac.uk/author/dr-catherine-brown/page/2/,Read blog posts written by Dr Catherine Brown - Head of Faculty & Senior Lecturer in English here at New College of the Humanities
https://www.nchlondon.ac.uk/author/dr-catherine-brown/,Read blog posts written by Dr Catherine Brown - Head of Faculty & Senior Lecturer in English here at New College of the Humanities
https://www.nchlondon.ac.uk/postgraduate-teaching/,What you can expect when studying at postgraduate level at NCH
https://www.nchlondon.ac.uk/postgraduate-study-at-nch/,What you can expect when studying at postgraduate level at NCH
https://www.nchlondon.ac.uk/why-study-art-history-in-london/,"The NCH Art History programme combines cultural surveys with more intense, media-specific subjects including architecture, landscape and painting."
https://www.nchlondon.ac.uk/why-study-art-history/,"The NCH Art History programme combines cultural surveys with more intense, media-specific subjects including architecture, landscape and painting."
https://www.nchlondon.ac.uk/why-study-law/,Students looking to study law will find the New College of the Humanities Law programme both challenging and rewarding. Apply online.
https://www.nchlondon.ac.uk/why-study-law-in-london/,Students looking to study law will find the New College of the Humanities Law programme both challenging and rewarding. Apply online.
https://www.nchlondon.ac.uk/why-history/,"The NCH History programme combines cultural surveys with more intense, media-specific subjects including architecture, landscape and painting."
https://www.nchlondon.ac.uk/why-study-history-in-london/,"The NCH History programme combines cultural surveys with more intense, media-specific subjects including architecture, landscape and painting."
https://www.nchlondon.ac.uk/why-study-philosophy-in-london/,NCH has a wide range of research expertise in philosophy. Our research strengths include practical philosophy and value theory; the history of ...
https://www.nchlondon.ac.uk/philosophy-faculty-research/,NCH has a wide range of research expertise in philosophy. Our research strengths include practical philosophy and value theory; the history of ...
https://www.nchlondon.ac.uk/degrees/undergraduate/law/law-with-economics-llb/entry-requirements/,"At New College of the Humanities, we look at you as an individual using references, personal statements and, for undergraduate admission..."
https://www.nchlondon.ac.uk/degrees/undergraduate/history/history-with-philosophy-ba-2/entry-requirements/,"At New College of the Humanities, we look at you as an individual using references, personal statements and, for undergraduate admission..."
https://www.nchlondon.ac.uk/degrees/undergraduate/law/law-llb/entry-requirements/,"At New College of the Humanities, we look at you as an individual using references, personal statements and, for undergraduate admission..."
https://www.nchlondon.ac.uk/degrees/undergraduate/history/history-with-art-history-ba/entry-requirements/,"At New College of the Humanities, we look at you as an individual using references, personal statements and, for undergraduate admission..."
https://www.nchlondon.ac.uk/degrees/undergraduate/philosophy/philosophy-with-law-ba/entry-requirements/,"At New College of the Humanities, we look at you as an individual using references, personal statements and, for undergraduate admission..."
https://www.nchlondon.ac.uk/degrees/undergraduate/politics-international-relations/politics-international-relations-with-history-bsc/entry-requirements/,"At New College of the Humanities, we look at you as an individual using references, personal statements and, for undergraduate admission..."
https://www.nchlondon.ac.uk/degrees/undergraduate/economics/economics-with-politics-international-relations-bsc/entry-requirements/,"At New College of the Humanities, we look at you as an individual using references, personal statements and, for undergraduate admission..."
https://www.nchlondon.ac.uk/degrees/undergraduate/english/english-with-history-ba/entry-requirements/,"At New College of the Humanities, we look at you as an individual using references, personal statements and, for undergraduate admission..."
https://www.nchlondon.ac.uk/degrees/undergraduate/english/english-with-art-history-ba/entry-requirements/,"At New College of the Humanities, we look at you as an individual using references, personal statements and, for undergraduate admission..."
https://www.nchlondon.ac.uk/degrees/undergraduate/english/english-with-economics-ba/entry-requirements/,"At New College of the Humanities, we look at you as an individual using references, personal statements and, for undergraduate admission..."
https://www.nchlondon.ac.uk/degrees/undergraduate/ppe/philosophy-politics-economics-ba-ppe-with-a-politics-major/entry-requirements/,"At New College of the Humanities, we look at you as an individual using references, personal statements and, for undergraduate admission..."
https://www.nchlondon.ac.uk/degrees/undergraduate/law/law-with-art-history-llb/entry-requirements/,"At New College of the Humanities, we look at you as an individual using references, personal statements and, for undergraduate admission..."
https://www.nchlondon.ac.uk/degrees/undergraduate/law/law-with-creative-writing-llb/entry-requirements/,"At New College of the Humanities, we look at you as an individual using references, personal statements and, for undergraduate admission..."
https://www.nchlondon.ac.uk/degrees/undergraduate/english/english-with-philosophy-ba/entry-requirements/,"At New College of the Humanities, we look at you as an individual using references, personal statements and, for undergraduate admission..."
https://www.nchlondon.ac.uk/degrees/undergraduate/economics/economics-with-english-bsc/entry-requirements/,"At New College of the Humanities, we look at you as an individual using references, personal statements and, for undergraduate admission..."
https://www.nchlondon.ac.uk/degrees/undergraduate/politics-international-relations/politics-international-relations-with-philosophy-bsc/entry-requirements/,"At New College of the Humanities, we look at you as an individual using references, personal statements and, for undergraduate admission..."
https://www.nchlondon.ac.uk/degrees/undergraduate/art-history/art-history-with-philosophy-ba/entry-requirements/,"At New College of the Humanities, we look at you as an individual using references, personal statements and, for undergraduate admission..."
https://www.nchlondon.ac.uk/degrees/undergraduate/pph/philosophy-politics-history-ba-pph-with-a-philosophy-major/entry-requirements/,"At New College of the Humanities, we look at you as an individual using references, personal statements and, for undergraduate admission..."
https://www.nchlondon.ac.uk/degrees/undergraduate/art-history/art-history-with-politics-international-relations-ba/entry-requirements/,"At New College of the Humanities, we look at you as an individual using references, personal statements and, for undergraduate admission..."
https://www.nchlondon.ac.uk/degrees/undergraduate/history/history-with-economics-ba/entry-requirements/,"At New College of the Humanities, we look at you as an individual using references, personal statements and, for undergraduate admission..."
https://www.nchlondon.ac.uk/degrees/undergraduate/politics-international-relations/politics-international-relations-with-economics-bsc/entry-requirements/,"At New College of the Humanities, we look at you as an individual using references, personal statements and, for undergraduate admission..."
https://www.nchlondon.ac.uk/degrees/undergraduate/politics-international-relations/politics-international-relations-with-law-bsc/entry-requirements/,"At New College of the Humanities, we look at you as an individual using references, personal statements and, for undergraduate admission..."
https://www.nchlondon.ac.uk/degrees/undergraduate/politics-international-relations/politics-international-relations-with-art-history-bsc/entry-requirements/,"At New College of the Humanities, we look at you as an individual using references, personal statements and, for undergraduate admission..."
https://www.nchlondon.ac.uk/degrees/undergraduate/history/history-with-law-ba/entry-requirements/,"At New College of the Humanities, we look at you as an individual using references, personal statements and, for undergraduate admission..."
https://www.nchlondon.ac.uk/degrees/undergraduate/ppe/philosophy-politics-economics-ba-ppe-philosophy-major/entry-requirements/,"At New College of the Humanities, we look at you as an individual using references, personal statements and, for undergraduate admission..."
https://www.nchlondon.ac.uk/degrees/undergraduate/philosophy/philosophy-with-history-ba/entry-requirements/,"At New College of the Humanities, we look at you as an individual using references, personal statements and, for undergraduate admission..."
https://www.nchlondon.ac.uk/degrees/undergraduate/philosophy/philosophy-with-economics-ba-2/entry-requirements/,"At New College of the Humanities, we look at you as an individual using references, personal statements and, for undergraduate admission..."
https://www.nchlondon.ac.uk/degrees/undergraduate/law/law-with-politics-international-relations-llb/entry-requirements/,"At New College of the Humanities, we look at you as an individual using references, personal statements and, for undergraduate admission..."
https://www.nchlondon.ac.uk/degrees/undergraduate/philosophy/philosophy-with-creative-writing-ba/entry-requirements/,"At New College of the Humanities, we look at you as an individual using references, personal statements and, for undergraduate admission..."
https://www.nchlondon.ac.uk/degrees/undergraduate/history/history-with-english-ba/entry-requirements/,"At New College of the Humanities, we look at you as an individual using references, personal statements and, for undergraduate admission..."
https://www.nchlondon.ac.uk/degrees/undergraduate/economics/economics-with-law-bsc/entry-requirements/,"At New College of the Humanities, we look at you as an individual using references, personal statements and, for undergraduate admission..."
https://www.nchlondon.ac.uk/degrees/undergraduate/economics/economics-with-philosophy-bsc/entry-requirements/,"At New College of the Humanities, we look at you as an individual using references, personal statements and, for undergraduate admission..."
https://www.nchlondon.ac.uk/degrees/undergraduate/law/law-with-philosophy-llb/entry-requirements/,"At New College of the Humanities, we look at you as an individual using references, personal statements and, for undergraduate admission..."
https://www.nchlondon.ac.uk/degrees/undergraduate/economics/economics-with-history-bsc/entry-requirements/,"At New College of the Humanities, we look at you as an individual using references, personal statements and, for undergraduate admission..."
https://www.nchlondon.ac.uk/degrees/undergraduate/law/law-with-english-llb/courses/,"At New College of the Humanities, we look at you as an individual using references, personal statements and, for undergraduate admission..."
https://www.nchlondon.ac.uk/degrees/undergraduate/law/law-with-history-llb/entry-requirements/,"At New College of the Humanities, we look at you as an individual using references, personal statements and, for undergraduate admission..."
https://www.nchlondon.ac.uk/degrees/undergraduate/history/history-with-politics-international-relations-ba/entry-requirements/,"At New College of the Humanities, we look at you as an individual using references, personal statements and, for undergraduate admission..."
https://www.nchlondon.ac.uk/degrees/undergraduate/philosophy/philosophy-with-english-ba/entry-requirements/,"At New College of the Humanities, we look at you as an individual using references, personal statements and, for undergraduate admission..."
https://www.nchlondon.ac.uk/degrees/undergraduate/english/english-with-creative-writing-ba/entry-requirements/,"At New College of the Humanities, we look at you as an individual using references, personal statements and, for undergraduate admission..."
https://www.nchlondon.ac.uk/degrees/undergraduate/politics-international-relations/politics-international-relations-with-english-bsc/entry-requirements/,"At New College of the Humanities, we look at you as an individual using references, personal statements and, for undergraduate admission..."
https://www.nchlondon.ac.uk/degrees/undergraduate/philosophy/philosophy-with-politics-international-relations-ba/entry-requirements/,"At New College of the Humanities, we look at you as an individual using references, personal statements and, for undergraduate admission..."
https://www.nchlondon.ac.uk/degrees/undergraduate/economics/economics-with-creative-writing-bsc/entry-requirements/,"At New College of the Humanities, we look at you as an individual using references, personal statements and, for undergraduate admission..."
https://www.nchlondon.ac.uk/degrees/undergraduate/politics-international-relations/politics-international-relations-with-creative-writing-bsc/entry-requirements/,"At New College of the Humanities, we look at you as an individual using references, personal statements and, for undergraduate admission..."
https://www.nchlondon.ac.uk/degrees/undergraduate/art-history/art-history-with-creative-writing-ba/entry-requirements/,"At New College of the Humanities, we look at you as an individual using references, personal statements and, for undergraduate admission..."
https://www.nchlondon.ac.uk/degrees/undergraduate/history/history-with-creative-writing-ba/entry-requirements/,"At New College of the Humanities, we look at you as an individual using references, personal statements and, for undergraduate admission..."
https://www.nchlondon.ac.uk/degrees/undergraduate/pph/philosophy-politics-history-ba-pph-with-a-history-major/entry-requirements/,"At New College of the Humanities, we look at you as an individual using references, personal statements and, for undergraduate admission..."
https://www.nchlondon.ac.uk/degrees/undergraduate/economics/economics-with-art-history-bsc/entry-requirements/,"At New College of the Humanities, we look at you as an individual using references, personal statements and, for undergraduate admission..."
https://www.nchlondon.ac.uk/degrees/undergraduate/philosophy/philosophy-with-art-history-ba/entry-requirements/,"At New College of the Humanities, we look at you as an individual using references, personal statements and, for undergraduate admission..."
https://www.nchlondon.ac.uk/degrees/undergraduate/law/law-with-english-llb/entry-requirements/,"At New College of the Humanities, we look at you as an individual using references, personal statements and, for undergraduate admission..."
https://www.nchlondon.ac.uk/degrees/undergraduate/pph/philosophy-politics-history-ba-pph-with-a-politics-major/entry-requirements/,"At New College of the Humanities, we look at you as an individual using references, personal statements and, for undergraduate admission..."
https://www.nchlondon.ac.uk/degrees/undergraduate/economics/economics-with-philosophy-bsc/courses/,"In each year of your undergraduate programme, you will study the equivalent of four, 30-credit, courses for your honours degree, plus three..."
https://www.nchlondon.ac.uk/degrees/undergraduate/english/english-with-philosophy-ba/courses/,"In each year of your undergraduate programme, you will study the equivalent of four, 30-credit, courses for your honours degree, plus three..."
https://www.nchlondon.ac.uk/degrees/undergraduate/law/law-with-philosophy-llb/courses/,"In each year of your undergraduate programme, you will study the equivalent of four, 30-credit, courses for your honours degree, plus three..."
https://www.nchlondon.ac.uk/degrees/undergraduate/art-history/art-history-with-english-ba/courses/,"In each year of your undergraduate programme, you will study the equivalent of four, 30-credit, courses for your honours degree, plus three..."
https://www.nchlondon.ac.uk/degrees/undergraduate/law/law-with-art-history-llb/courses/,"In each year of your undergraduate programme, you will study the equivalent of four, 30-credit, courses for your honours degree, plus three..."
https://www.nchlondon.ac.uk/degrees/undergraduate/philosophy/philosophy-with-english-ba/courses/,"In each year of your undergraduate programme, you will study the equivalent of four, 30-credit, courses for your honours degree, plus three..."
https://www.nchlondon.ac.uk/degrees/undergraduate/history/history-with-economics-ba/courses/,"In each year of your undergraduate programme, you will study the equivalent of four, 30-credit, courses for your honours degree, plus three..."
https://www.nchlondon.ac.uk/degrees/undergraduate/english/english-with-politics-international-relations-ba/entry-requirements/,"In each year of your undergraduate programme, you will study the equivalent of four, 30-credit, courses for your honours degree, plus three..."
https://www.nchlondon.ac.uk/degrees/undergraduate/english/english-with-politics-international-relations-ba/courses/,"In each year of your undergraduate programme, you will study the equivalent of four, 30-credit, courses for your honours degree, plus three..."
https://www.nchlondon.ac.uk/degrees/undergraduate/pph/philosophy-politics-history-ba-pph-with-a-politics-major/courses/,"In each year of your undergraduate programme, you will study the equivalent of four, 30-credit, courses for your honours degree, plus three..."
https://www.nchlondon.ac.uk/degrees/undergraduate/english/english-with-law-ba/courses/,"In each year of your undergraduate programme, you will study the equivalent of four, 30-credit, courses for your honours degree, plus three..."
https://www.nchlondon.ac.uk/degrees/undergraduate/law/law-with-politics-international-relations-llb/courses/,"In each year of your undergraduate programme, you will study the equivalent of four, 30-credit, courses for your honours degree, plus three..."
https://www.nchlondon.ac.uk/degrees/undergraduate/politics-international-relations/politics-international-relations-with-history-bsc/courses/,"In each year of your undergraduate programme, you will study the equivalent of four, 30-credit, courses for your honours degree, plus three..."
https://www.nchlondon.ac.uk/degrees/undergraduate/art-history/art-history-with-history-ba/courses/,"In each year of your undergraduate programme, you will study the equivalent of four, 30-credit, courses for your honours degree, plus three..."
https://www.nchlondon.ac.uk/degrees/undergraduate/pph/philosophy-politics-history-ba-pph-with-a-philosophy-major/courses/,"In each year of your undergraduate programme, you will study the equivalent of four, 30-credit, courses for your honours degree, plus three..."
https://www.nchlondon.ac.uk/degrees/undergraduate/art-history/art-history-with-philosophy-ba/courses/,"In each year of your undergraduate programme, you will study the equivalent of four, 30-credit, courses for your honours degree, plus three..."
https://www.nchlondon.ac.uk/degrees/undergraduate/history/history-with-politics-international-relations-ba/courses/,"In each year of your undergraduate programme, you will study the equivalent of four, 30-credit, courses for your honours degree, plus three..."
https://www.nchlondon.ac.uk/degrees/undergraduate/law/law-llb/courses/,"In each year of your undergraduate programme, you will study the equivalent of four, 30-credit, courses for your honours degree, plus three..."
https://www.nchlondon.ac.uk/degrees/undergraduate/history/history-with-law-ba/courses/,"In each year of your undergraduate programme, you will study the equivalent of four, 30-credit, courses for your honours degree, plus three..."
https://www.nchlondon.ac.uk/degrees/undergraduate/pph/philosophy-politics-history-ba-pph-with-a-history-major/courses/,"In each year of your undergraduate programme, you will study the equivalent of four, 30-credit, courses for your honours degree, plus three..."
https://www.nchlondon.ac.uk/degrees/undergraduate/law/law-with-history-llb/courses/,"In each year of your undergraduate programme, you will study the equivalent of four, 30-credit, courses for your honours degree, plus three..."
https://www.nchlondon.ac.uk/degrees/undergraduate/english/english-with-creative-writing-ba/courses/,"In each year of your undergraduate programme, you will study the equivalent of four, 30-credit, courses for your honours degree, plus three..."
https://www.nchlondon.ac.uk/degrees/undergraduate/law/law-with-creative-writing-llb/courses/,"In each year of your undergraduate programme, you will study the equivalent of four, 30-credit, courses for your honours degree, plus three..."
https://www.nchlondon.ac.uk/degrees/undergraduate/economics/economics-with-english-bsc/courses/,"In each year of your undergraduate programme, you will study the equivalent of four, 30-credit, courses for your honours degree, plus three..."
https://www.nchlondon.ac.uk/degrees/undergraduate/philosophy/philosophy-with-history-ba/courses/,"In each year of your undergraduate programme, you will study the equivalent of four, 30-credit, courses for your honours degree, plus three..."
https://www.nchlondon.ac.uk/degrees/undergraduate/philosophy/philosophy-with-art-history-ba/courses/,"In each year of your undergraduate programme, you will study the equivalent of four, 30-credit, courses for your honours degree, plus three..."
https://www.nchlondon.ac.uk/degrees/undergraduate/politics-international-relations/politics-international-relations-with-law-bsc/courses/,"In each year of your undergraduate programme, you will study the equivalent of four, 30-credit, courses for your honours degree, plus three..."
https://www.nchlondon.ac.uk/degrees/undergraduate/politics-international-relations/politics-international-relations-with-english-bsc/courses/,"In each year of your undergraduate programme, you will study the equivalent of four, 30-credit, courses for your honours degree, plus three..."
https://www.nchlondon.ac.uk/degrees/undergraduate/philosophy/philosophy-with-law-ba/courses/,"In each year of your undergraduate programme, you will study the equivalent of four, 30-credit, courses for your honours degree, plus three..."
https://www.nchlondon.ac.uk/degrees/undergraduate/politics-international-relations/politics-international-relations-with-art-history-bsc/courses/,"In each year of your undergraduate programme, you will study the equivalent of four, 30-credit, courses for your honours degree, plus three..."
https://www.nchlondon.ac.uk/degrees/undergraduate/ppe/philosophy-politics-economics-ba-ppe-with-a-politics-major/courses/,"In each year of your undergraduate programme, you will study the equivalent of four, 30-credit, courses for your honours degree, plus three..."
https://www.nchlondon.ac.uk/degrees/undergraduate/economics/economics-with-politics-international-relations-bsc/courses/,"In each year of your undergraduate programme, you will study the equivalent of four, 30-credit, courses for your honours degree, plus three..."
https://www.nchlondon.ac.uk/degrees/undergraduate/ppe/philosophy-politics-economics-ba-ppe-philosophy-major/courses/,"In each year of your undergraduate programme, you will study the equivalent of four, 30-credit, courses for your honours degree, plus three..."
https://www.nchlondon.ac.uk/degrees/undergraduate/philosophy/philosophy-with-creative-writing-ba/courses/,"In each year of your undergraduate programme, you will study the equivalent of four, 30-credit, courses for your honours degree, plus three..."
https://www.nchlondon.ac.uk/degrees/undergraduate/politics-international-relations/politics-international-relations-with-creative-writing-bsc/courses/,"In each year of your undergraduate programme, you will study the equivalent of four, 30-credit, courses for your honours degree, plus three..."
https://www.nchlondon.ac.uk/degrees/undergraduate/politics-international-relations/politics-international-relations-with-economics-bsc/courses/,"In each year of your undergraduate programme, you will study the equivalent of four, 30-credit, courses for your honours degree, plus three..."
https://www.nchlondon.ac.uk/degrees/undergraduate/economics/economics-with-creative-writing-bsc/courses/,"In each year of your undergraduate programme, you will study the equivalent of four, 30-credit, courses for your honours degree, plus three..."
https://www.nchlondon.ac.uk/degrees/undergraduate/history/history-with-philosophy-ba-2/courses/,"In each year of your undergraduate programme, you will study the equivalent of four, 30-credit, courses for your honours degree, plus three..."
https://www.nchlondon.ac.uk/degrees/undergraduate/history/history-with-art-history-ba/courses/,"In each year of your undergraduate programme, you will study the equivalent of four, 30-credit, courses for your honours degree, plus three..."
https://www.nchlondon.ac.uk/degrees/undergraduate/history/history-with-english-ba/courses/,"In each year of your undergraduate programme, you will study the equivalent of four, 30-credit, courses for your honours degree, plus three..."
https://www.nchlondon.ac.uk/degrees/undergraduate/philosophy/philosophy-with-economics-ba-2/courses/,"In each year of your undergraduate programme, you will study the equivalent of four, 30-credit, courses for your honours degree, plus three..."
https://www.nchlondon.ac.uk/degrees/undergraduate/economics/economics-with-history-bsc/courses/,"In each year of your undergraduate programme, you will study the equivalent of four, 30-credit, courses for your honours degree, plus three..."
https://www.nchlondon.ac.uk/degrees/undergraduate/philosophy/philosophy-with-politics-international-relations-ba/courses/,"In each year of your undergraduate programme, you will study the equivalent of four, 30-credit, courses for your honours degree, plus three..."
https://www.nchlondon.ac.uk/degrees/undergraduate/history/history-with-creative-writing-ba/courses/,"In each year of your undergraduate programme, you will study the equivalent of four, 30-credit, courses for your honours degree, plus three..."
https://www.nchlondon.ac.uk/degrees/undergraduate/law/law-with-economics-llb/courses/,"In each year of your undergraduate programme, you will study the equivalent of four, 30-credit, courses for your honours degree, plus three..."
https://www.nchlondon.ac.uk/degrees/undergraduate/art-history/art-history-with-politics-international-relations-ba/courses/,"In each year of your undergraduate programme, you will study the equivalent of four, 30-credit, courses for your honours degree, plus three..."
https://www.nchlondon.ac.uk/tag/philosophy/page/2/,Take a look at our Philosophy archive and read previous philosophy blog and watch videos. Written by students and academics at New College of the Humanities
https://www.nchlondon.ac.uk/tag/philosophy/page/3/,Take a look at our Philosophy archive and read previous philosophy blog and watch videos. Written by students and academics at New College of the Humanities
https://www.nchlondon.ac.uk/tag/philosophy/page/4/,Take a look at our Philosophy archive and read previous philosophy blog and watch videos. Written by students and academics at New College of the Humanities
https://www.nchlondon.ac.uk/tag/philosophy/page/5/,Take a look at our Philosophy archive and read previous philosophy blog and watch videos. Written by students and academics at New College of the Humanities
https://www.nchlondon.ac.uk/tag/philosophy/,Take a look at our Philosophy archive and read previous philosophy blog and watch videos. Written by students and academics at New College of the Humanities
https://www.nchlondon.ac.uk/tag/law/page/2/,Take a look at our Law videos and previous blog entries.These are by students and academics at New College of the Humanities
https://www.nchlondon.ac.uk/tag/law/,Take a look at our Law videos and previous blog entries.These are by students and academics at New College of the Humanities
https://www.nchlondon.ac.uk/degrees/undergraduate/art-history/art-history-with-history-ba/entry-requirements/,Entry requirements for the Art History at NCH London. Discover more about whether you think NCH is the place for you to study and see ...
https://www.nchlondon.ac.uk/degrees/undergraduate/art-history/art-history-with-economics-ba/entry-requirements/,Entry requirements for the Art History at NCH London. Discover more about whether you think NCH is the place for you to study and see ...
https://www.nchlondon.ac.uk/author/nchstudentblog/page/3/,View various blog posts written by current and past students at New College of the Humanities. They are all about life at the college and living in London.
https://www.nchlondon.ac.uk/author/nchstudentblog/page/4/,View various blog posts written by current and past students at New College of the Humanities. They are all about life at the college and living in London.
https://www.nchlondon.ac.uk/author/nchstudentblog/page/7/,View various blog posts written by current and past students at New College of the Humanities. They are all about life at the college and living in London.
https://www.nchlondon.ac.uk/author/nchstudentblog/page/8/,View various blog posts written by current and past students at New College of the Humanities. They are all about life at the college and living in London.
https://www.nchlondon.ac.uk/author/nchstudentblog/page/9/,View various blog posts written by current and past students at New College of the Humanities. They are all about life at the college and living in London.
https://www.nchlondon.ac.uk/author/nchstudentblog/page/6/,View various blog posts written by current and past students at New College of the Humanities. They are all about life at the college and living in London.
https://www.nchlondon.ac.uk/author/nchstudentblog/page/5/,View various blog posts written by current and past students at New College of the Humanities. They are all about life at the college and living in London.
https://www.nchlondon.ac.uk/author/nchstudentblog/page/2/,View various blog posts written by current and past students at New College of the Humanities. They are all about life at the college and living in London.
https://www.nchlondon.ac.uk/author/nchstudentblog/,View various blog posts written by current and past students at New College of the Humanities. They are all about life at the college and living in London.
https://www.nchlondon.ac.uk/tag/history/page/3/,Take a look at our History archive and read previous History blogs. Written by students and academics at New College of the Humanities
https://www.nchlondon.ac.uk/tag/history/page/2/,Take a look at our History archive and read previous History blogs. Written by students and academics at New College of the Humanities
https://www.nchlondon.ac.uk/tag/history/,Take a look at our History archive and read previous History blogs. Written by students and academics at New College of the Humanities
https://www.nchlondon.ac.uk/tag/london/page/3/,Take a look at our London videos and previous blog entries about London.These are by students and academics at New College of the Humanities
https://www.nchlondon.ac.uk/tag/london/page/4/,Take a look at our London videos and previous blog entries about London.These are by students and academics at New College of the Humanities
https://www.nchlondon.ac.uk/tag/london/page/2/,Take a look at our London videos and previous blog entries about London.These are by students and academics at New College of the Humanities
https://www.nchlondon.ac.uk/tag/london/,Take a look at our London videos and previous blog entries about London.These are by students and academics at New College of the Humanities
https://www.nchlondon.ac.uk/tag/english/page/3/,Take a look at our English archive and read previous English blogs. Written by students and academics at New College of the Humanities
https://www.nchlondon.ac.uk/tag/english/page/5/,Take a look at our English archive and read previous English blogs. Written by students and academics at New College of the Humanities
https://www.nchlondon.ac.uk/tag/english/page/6/,Take a look at our English archive and read previous English blogs. Written by students and academics at New College of the Humanities
https://www.nchlondon.ac.uk/tag/english/page/4/,Take a look at our English archive and read previous English blogs. Written by students and academics at New College of the Humanities
https://www.nchlondon.ac.uk/tag/english/page/2/,Take a look at our English archive and read previous English blogs. Written by students and academics at New College of the Humanities
https://www.nchlondon.ac.uk/tag/english/,Take a look at our English archive and read previous English blogs. Written by students and academics at New College of the Humanities
https://www.nchlondon.ac.uk/degrees/undergraduate/art-history/art-history-with-creative-writing-ba/courses/,"In each year of your undergraduate programme, you will study the equivalent of four, 30-credit, courses for your honours degree, plus three non-credit..."
https://www.nchlondon.ac.uk/degrees/undergraduate/art-history/art-history-with-economics-ba/courses/,"In each year of your undergraduate programme, you will study the equivalent of four, 30-credit, courses for your honours degree, plus three non-credit..."
https://www.nchlondon.ac.uk/author/rebeccastewart/page/2/,"Read blog posts written by student Rebecca Stewart about her life, interests and course at New College of the Humanities."
https://www.nchlondon.ac.uk/author/rebeccastewart/,"Read blog posts written by student Rebecca Stewart about her life, interests and course at New College of the Humanities."
https://www.nchlondon.ac.uk/tag/politics/page/4/,View our politics blog posts and videos contributed by students and staff. Understand what it is like to study politics at New College of the Humanities.
https://www.nchlondon.ac.uk/tag/politics/page/3/,View our politics blog posts and videos contributed by students and staff. Understand what it is like to study politics at New College of the Humanities.
https://www.nchlondon.ac.uk/tag/politics/page/2/,View our politics blog posts and videos contributed by students and staff. Understand what it is like to study politics at New College of the Humanities.
https://www.nchlondon.ac.uk/tag/politics/,View our politics blog posts and videos contributed by students and staff. Understand what it is like to study politics at New College of the Humanities.
https://www.nchlondon.ac.uk/author/nch-london/page/7/,View blog posts by our academic staff and students here at New College of the Humanities.
https://www.nchlondon.ac.uk/author/nch-london/page/6/,View blog posts by our academic staff and students here at New College of the Humanities.
https://www.nchlondon.ac.uk/author/nch-london/page/5/,View blog posts by our academic staff and students here at New College of the Humanities.
https://www.nchlondon.ac.uk/author/nch-london/page/4/,View blog posts by our academic staff and students here at New College of the Humanities.
https://www.nchlondon.ac.uk/author/nch-london/page/3/,View blog posts by our academic staff and students here at New College of the Humanities.
https://www.nchlondon.ac.uk/author/nch-london/page/2/,View blog posts by our academic staff and students here at New College of the Humanities.
https://www.nchlondon.ac.uk/author/nch-london/,View blog posts by our academic staff and students here at New College of the Humanities.
https://www.nchlondon.ac.uk/postgraduate-reading-lists/,"At NCH, treating you as an individual is central to our ethos; we are committed to helping you achieve your academic, personal and professional potential."
https://www.nchlondon.ac.uk/undergraduate-reading-lists/,"At NCH, treating you as an individual is central to our ethos; we are committed to helping you achieve your academic, personal and professional potential."
https://www.nchlondon.ac.uk/degrees/undergraduate/english/english-with-art-history-ba/courses/,"In each year of your undergraduate programme, you will study the equivalent of four, 30-credit, courses for your honours degree, plus three ..."
https://www.nchlondon.ac.uk/degrees/undergraduate/english/english-with-economics-ba/courses/,"In each year of your undergraduate programme, you will study the equivalent of four, 30-credit, courses for your honours degree, plus three ..."
https://www.nchlondon.ac.uk/degrees/undergraduate/english/english-with-history-ba/courses/,"In each year of your undergraduate programme, you will study the equivalent of four, 30-credit, courses for your honours degree, plus three ..."
https://www.nchlondon.ac.uk/tag/economics/page/2/,Take a look at our Economics archive and read previous Economics blogs. Written by students and academics at New College of the Humanities
https://www.nchlondon.ac.uk/tag/economics/page/3/,Take a look at our Economics archive and read previous Economics blogs. Written by students and academics at New College of the Humanities
https://www.nchlondon.ac.uk/tag/economics/,Take a look at our Economics archive and read previous Economics blogs. Written by students and academics at New College of the Humanities
https://www.nchlondon.ac.uk/videos/sit-down-with-lucy/,Considering studying History? Sit down with current NCH student Lucy Page to hear about her experience of studying at NCH.
https://www.nchlondon.ac.uk/videos/sit-down-with-samuel/,Considering studying History? Sit down with current NCH student Lucy Page to hear about her experience of studying at NCH.
https://www.nchlondon.ac.uk/videos/page/3/,Video about at New College of the Humanities
https://www.nchlondon.ac.uk/videos/page/4/,Video about at New College of the Humanities
https://www.nchlondon.ac.uk/videos/page/5/,Video about at New College of the Humanities
https://www.nchlondon.ac.uk/videos/page/6/,Video about at New College of the Humanities
https://www.nchlondon.ac.uk/videos/page/7/,Video about at New College of the Humanities
https://www.nchlondon.ac.uk/videos/page/2/,Video about at New College of the Humanities
https://www.nchlondon.ac.uk/videos/,Video about at New College of the Humanities
https://www.nchlondon.ac.uk/degrees/undergraduate/art-history/art-history-with-law-ba/entry-requirements/,"At New College of the Humanities, we look at you as an individual using references, personal statements and, for undergraduate admission"
https://www.nchlondon.ac.uk/degrees/undergraduate/english/english-with-law-ba/entry-requirements/,"At New College of the Humanities, we look at you as an individual using references, personal statements and, for undergraduate admission"
https://www.nchlondon.ac.uk/videos/tok-the-arts-p2/,"Dr Catherine Brown, Head of Faculty & Senior Lecturer in English, talks about the Theory of Knowledge: Literature. This talk is part of NCH's TOK series."
https://www.nchlondon.ac.uk/videos/tok-the-arts-p1/,"Dr Catherine Brown, Head of Faculty & Senior Lecturer in English, talks about the Theory of Knowledge: Literature. This talk is part of NCH's TOK series."
https://www.nchlondon.ac.uk/videos/tok-the-arts-literature-part-one/,"Dr Catherine Brown, Head of Faculty & Senior Lecturer in English, talks about the Theory of Knowledge: Literature. This talk is part of NCH's TOK series."
